minute,planned_per_min,planned_rps,n,errors,mean_ms,p50_ms,p95_ms,max_ms,in_flight
0,7.4,0.12,8,0,1957,1574,2638,2638,1.25
1,10.2,0.17,9,0,1953,1939,2990,2990,1.44
2,13,0.22,10,0,2138,1920,3742,3742,1.2
3,15.8,0.26,12,0,2529,2019,6007,6007,1.42
4,18.6,0.31,19,0,3260,3507,5713,5713,2.05
5,21.4,0.36,24,0,2751,2432,5498,5918,2.04
6,24.2,0.4,18,0,2629,2675,4682,4682,1.56
7,27,0.45,22,0,2749,1976,5823,7121,1.86
8,29.8,0.5,39,0,8989,8660,14895,15172,5.49
9,32.6,0.54,31,0,10086,9596,15291,16329,7
10,35.4,0.59,48,0,33612,33441,49383,49675,26.85
11,38.2,0.64,43,0,55228,55368,62578,66158,35.77
12,41,0.68,35,0,64749,64791,68576,68592,41.57
13,43.8,0.73,47,0,75894,72576,94517,95716,54.21
14,46.6,0.78,40,0,111282,111298,123715,127184,20.5
