row_id,final_label
8022,Credit reporting
8024,Money transfer or service
8033,Credit card
8044,Consumer loan
8050,Debt collection
8053,Credit reporting
8060,Credit reporting
8062,Credit reporting
8071,Credit reporting
8074,Credit reporting
8094,Money transfer or service
8095,Bank account or service
8096,Bank account or service
8097,Credit reporting
8098,Debt collection
8106,Mortgage
8108,Consumer loan
8118,Money transfer or service
8122,Credit reporting
8125,Mortgage
8128,Consumer loan
8129,Credit reporting
8130,Credit reporting
8136,Credit card
8142,Bank account or service
8166,Money transfer or service
8168,Credit reporting
8174,Mortgage
8180,Credit card
8184,Credit reporting
8203,Money transfer or service
8206,Mortgage
8207,Money transfer or service
8213,Mortgage
8215,Credit reporting
8222,Bank account or service
8225,Credit reporting
8244,Credit reporting
8245,Credit reporting
8248,Money transfer or service
8250,Credit reporting
8251,Credit reporting
8257,Money transfer or service
8263,Debt collection
8264,Bank account or service
8270,Credit card
8274,Credit reporting
8278,Money transfer or service
8284,Money transfer or service
8287,Credit reporting
8291,Credit card
8292,Credit card
8299,Mortgage
8301,Credit reporting
8307,Mortgage
8309,Consumer loan
8310,Credit card
8323,Credit card
8326,Credit reporting
8333,Consumer loan
8335,Bank account or service
8337,Debt collection
8339,Consumer loan
8342,Bank account or service
8345,Money transfer or service
8356,Mortgage
8359,Consumer loan
8365,Credit reporting
8366,Credit card
8369,Credit card
8372,Bank account or service
8379,Credit card
8382,Debt collection
8383,Mortgage
8384,Credit reporting
8389,Credit reporting
8390,Credit card
8392,Money transfer or service
8414,Debt collection
8418,Credit reporting
8420,Credit reporting
8433,Credit reporting
8437,Debt collection
8441,Credit reporting
8444,Bank account or service
8449,Bank account or service
8453,Debt collection
8455,Money transfer or service
8461,Credit card
8470,Bank account or service
8472,Bank account or service
8473,Debt collection
8475,Consumer loan
8485,Debt collection
8487,Credit reporting
8491,Credit reporting
8499,Consumer loan
8505,Debt collection
8528,Credit reporting
8537,Mortgage
8538,Credit card
8539,Bank account or service
8549,Credit card
8554,Mortgage
8558,Credit reporting
8563,Consumer loan
8571,Bank account or service
8573,Bank account or service
8574,Debt collection
8578,Money transfer or service
8585,Credit card
8586,Credit reporting
8591,Credit reporting
8593,Credit reporting
8597,Bank account or service
8601,Mortgage
8603,Bank account or service
8608,Mortgage
8609,Debt collection
8612,Credit reporting
8613,Debt collection
8615,Money transfer or service
8632,Credit reporting
8638,Consumer loan
8644,Consumer loan
8649,Money transfer or service
8661,Credit reporting
8663,Credit reporting
8669,Credit reporting
8671,Credit reporting
8679,Mortgage
8680,Bank account or service
8683,Mortgage
8688,Money transfer or service
8722,Credit card
8728,Debt collection
8732,Credit reporting
8733,Consumer loan
8734,Credit card
8735,Mortgage
8745,Consumer loan
8748,Mortgage
8750,Credit reporting
8752,Consumer loan
8755,Mortgage
8771,Money transfer or service
8773,Credit reporting
8774,Mortgage
8776,Money transfer or service
8789,Credit reporting
8801,Bank account or service
8815,Credit reporting
8821,Money transfer or service
8827,Bank account or service
8831,Mortgage
8850,Debt collection
8856,Money transfer or service
8872,Mortgage
8877,Credit reporting
8878,Money transfer or service
8905,Credit reporting
8908,Mortgage
8910,Consumer loan
8913,Credit reporting
8921,Credit card
8954,Bank account or service
8959,Consumer loan
8968,Bank account or service
8974,Mortgage
8976,Credit reporting
8982,Bank account or service
8983,Mortgage
8988,Credit reporting
8989,Credit card
8990,Credit reporting
8991,Mortgage
8993,Mortgage
8995,Consumer loan
8997,Money transfer or service
8999,Consumer loan
