model,rate,runs,n_per_run,p50_ms_mean,p50_ms_min,p50_ms_max,p50_ms_sd,p95_ms_mean,p95_ms_min,p95_ms_max,p95_ms_sd,p99_ms_mean,p99_ms_min,p99_ms_max,p99_ms_sd,throughput_rps_mean,throughput_rps_min,throughput_rps_max,throughput_rps_sd,arrival_rps_mean,arrival_rps_min,arrival_rps_max,arrival_rps_sd,error_pct_mean,error_pct_min,error_pct_max,error_pct_sd
gemma3_1b,0.10rps,3,30/30/30,1759.3,1506,2070,286.3,4036,3642,4569,478.9,5098.7,4743,5465,361.1,0.105,0.102,0.109,0.004,0.102,0.099,0.106,0.003,0,0,0,0
gemma3_1b,0.20rps,3,60/60/60,2066.7,1924,2266,177.9,4525.7,4037,5106,540.4,7664.3,6390,8546,1130.4,0.21,0.204,0.215,0.006,0.208,0.203,0.215,0.006,0,0,0,0
gemma3_4b,0.10rps,3,30/30/30,5510.7,4671,5994,729.9,13091.7,9710,18913,5063.4,15591.3,11321,22410,5967.6,0.112,0.097,0.136,0.02,0.111,0.098,0.133,0.02,0,0,0,0
gemma3_4b,0.20rps,3,60/60/60,13638.3,9144,16531,3945.4,29439.7,19061,38067,9623.3,33884.3,24064,42687,9353.1,0.19,0.184,0.193,0.005,0.202,0.198,0.207,0.004,0,0,0,0
granite3.3_8b,0.10rps,3,30/30/30,25367.3,11359,38837,13746.9,43737.3,31171,54479,11760.6,47602,38977,55006,8084,0.101,0.1,0.104,0.002,0.11,0.105,0.113,0.004,0,0,0,0
granite3.3_8b,0.20rps,3,60/60/60,101337.3,81691,127108,23319.7,250747.7,211589,288784,38609.7,270287,228501,310499,41021.7,0.109,0.1,0.118,0.009,0.207,0.204,0.212,0.004,0,0,0,0
qwen2.5_3b,0.10rps,3,30/30/30,2795.7,2351,3051,386.5,6656,5403,8719,1800.3,8644,6041,12911,3725,0.111,0.105,0.117,0.006,0.109,0.103,0.115,0.006,0,0,0,0
qwen2.5_3b,0.20rps,3,60/60/60,4874.3,3487,6751,1686.1,10381.3,7719,13955,3216.3,11545.3,8558,15111,3314.6,0.199,0.198,0.199,0.001,0.2,0.199,0.202,0.002,0,0,0,0
qwen2.5_7b,0.10rps,3,30/30/30,8243.3,5674,9972,2269,19714,18617,20531,987.2,21642.7,20195,22834,1338,0.103,0.1,0.106,0.003,0.102,0.098,0.107,0.004,0,0,0,0
qwen2.5_7b,0.20rps,3,60/60/60,56145.3,31226,80571,24676.2,119902.3,91887,147753,27933.4,124488.3,93447,154708,30638.8,0.147,0.138,0.157,0.01,0.205,0.205,0.206,0.001,0,0,0,0
