model,rate,run,n,errors,error_pct,mean_ms,p50_ms,p95_ms,p99_ms,max_ms,throughput_rps,arrival_rps,first_start_utc,last_end_utc
gemma3_1b,0.10rps,run1,30,0,0,2064.9,1702,4569,4743,4743,0.109,0.106,2026-10-08T13:33:46.969Z,2026-10-08T13:38:22.222Z
gemma3_1b,0.10rps,run2,30,0,0,2199.7,2070,3642,5088,5088,0.104,0.101,2026-10-08T09:16:30.396Z,2026-10-08T09:21:19.741Z
gemma3_1b,0.10rps,run3,30,0,0,1841.9,1506,3897,5465,5465,0.102,0.099,2026-10-08T09:30:31.176Z,2026-10-08T09:35:24.412Z
gemma3_1b,0.20rps,run1,60,0,0,2243.1,2010,4434,6390,6390,0.215,0.215,2026-10-08T13:40:52.338Z,2026-10-08T13:45:30.901Z
gemma3_1b,0.20rps,run2,60,0,0,2257.2,1924,4037,8546,8546,0.204,0.203,2026-10-08T09:23:24.634Z,2026-10-08T09:28:18.713Z
gemma3_1b,0.20rps,run3,60,0,0,2643.2,2266,5106,8057,8057,0.209,0.207,2026-10-08T09:37:37.714Z,2026-10-08T09:42:24.593Z
gemma3_4b,0.10rps,run1,30,0,0,6353,5994,10652,13043,13043,0.097,0.098,2026-10-08T13:53:43.063Z,2026-10-08T13:58:50.949Z
gemma3_4b,0.10rps,run2,30,0,0,7889.9,5867,18913,22410,22410,0.104,0.102,2026-10-08T14:09:46.760Z,2026-10-08T14:14:35.098Z
gemma3_4b,0.10rps,run3,30,0,0,5361.9,4671,9710,11321,11321,0.136,0.133,2026-10-08T14:26:23.649Z,2026-10-08T14:30:04.655Z
gemma3_4b,0.20rps,run1,60,0,0,10166.7,9144,19061,24064,24064,0.191,0.198,2026-10-08T14:01:45.165Z,2026-10-08T14:06:58.700Z
gemma3_4b,0.20rps,run2,60,0,0,16207.4,15240,31191,34902,34902,0.193,0.2,2026-10-08T14:17:49.922Z,2026-10-08T14:23:00.705Z
gemma3_4b,0.20rps,run3,60,0,0,19806.7,16531,38067,42687,42687,0.184,0.207,2026-10-08T14:33:53.889Z,2026-10-08T14:39:19.105Z
granite3.3_8b,0.10rps,run1,30,0,0,35819.8,38837,54479,55006,55006,0.104,0.113,2026-10-08T20:13:44.914Z,2026-10-08T20:18:34.461Z
granite3.3_8b,0.10rps,run2,30,0,0,26779.9,25906,45562,48823,48823,0.1,0.11,2026-10-08T20:37:49.906Z,2026-10-08T20:42:49.102Z
granite3.3_8b,0.10rps,run3,30,0,0,13353.3,11359,31171,38977,38977,0.1,0.105,2026-10-08T21:01:32.223Z,2026-10-08T21:06:31.368Z
granite3.3_8b,0.20rps,run1,60,0,0,104921.8,81691,211589,228501,228501,0.118,0.212,2026-10-08T20:24:41.822Z,2026-10-08T20:33:08.301Z
granite3.3_8b,0.20rps,run2,60,0,0,124358.2,95213,251870,271861,271861,0.107,0.204,2026-10-08T20:48:32.266Z,2026-10-08T20:57:52.756Z
granite3.3_8b,0.20rps,run3,60,0,0,154761.3,127108,288784,310499,310499,0.1,0.205,2026-10-08T21:12:34.778Z,2026-10-08T21:22:33.229Z
qwen2.5_3b,0.10rps,run1,30,0,0,3118.9,3051,5846,6041,6041,0.105,0.103,2026-10-08T18:30:50.948Z,2026-10-08T18:35:35.394Z
qwen2.5_3b,0.10rps,run2,30,0,0,3555,2985,8719,12911,12911,0.111,0.109,2026-10-08T18:45:06.898Z,2026-10-08T18:49:36.739Z
qwen2.5_3b,0.10rps,run3,30,0,0,2783.3,2351,5403,6980,6980,0.117,0.115,2026-10-08T18:59:22.145Z,2026-10-08T19:03:38.485Z
qwen2.5_3b,0.20rps,run1,60,0,0,3919.2,3487,7719,8558,8558,0.198,0.199,2026-10-08T18:37:46.595Z,2026-10-08T18:42:50.169Z
qwen2.5_3b,0.20rps,run2,60,0,0,4673.8,4385,9470,10967,10967,0.199,0.2,2026-10-08T18:51:50.414Z,2026-10-08T18:56:51.253Z
qwen2.5_3b,0.20rps,run3,60,0,0,7653.2,6751,13955,15111,15111,0.199,0.202,2026-10-08T19:05:56.298Z,2026-10-08T19:10:57.728Z
qwen2.5_7b,0.10rps,run1,30,0,0,9943,9084,20531,22834,22834,0.1,0.098,2026-10-08T19:16:48.605Z,2026-10-08T19:21:48.499Z
qwen2.5_7b,0.10rps,run2,30,0,0,10699.2,9972,19994,21899,21899,0.103,0.102,2026-10-08T19:34:55.739Z,2026-10-08T19:39:46.910Z
qwen2.5_7b,0.10rps,run3,30,0,0,7941.3,5674,18617,20195,20195,0.106,0.107,2026-10-08T19:53:15.713Z,2026-10-08T19:57:58.113Z
qwen2.5_7b,0.20rps,run1,60,0,0,41210.5,31226,91887,93447,93447,0.157,0.205,2026-10-08T19:24:57.240Z,2026-10-08T19:31:18.852Z
qwen2.5_7b,0.20rps,run2,60,0,0,63969.7,56639,120067,125310,125310,0.146,0.206,2026-10-08T19:43:01.275Z,2026-10-08T19:49:52.900Z
qwen2.5_7b,0.20rps,run3,60,0,0,89604.8,80571,147753,154708,154708,0.138,0.205,2026-10-08T20:01:04.376Z,2026-10-08T20:08:20.072Z
