"model","rate","run","start_utc","end_utc","rows","errors","cut_off","data_ok","drain_min","first_line","last_line","jmeter_exit","jtl"
"gemma3:1b","0.10rps","1","2026-10-08T09:02:14.4960363Z","2026-10-08T09:09:16.5709577Z","30","0","0","True","1","16","45","0","results\load\gemma3_1b\0.10rps\run1.jtl"
"gemma3:1b","0.20rps","1","2026-10-08T09:09:16.6672598Z","2026-10-08T09:16:18.6487465Z","60","0","0","True","1","46","105","0","results\load\gemma3_1b\0.20rps\run1.jtl"
"gemma3:1b","0.10rps","2","2026-10-08T09:16:18.6934067Z","2026-10-08T09:23:20.6783202Z","30","0","0","True","1","121","150","0","results\load\gemma3_1b\0.10rps\run2.jtl"
"gemma3:1b","0.20rps","2","2026-10-08T09:23:20.7189708Z","2026-10-08T09:30:22.7324729Z","60","0","0","True","1","151","210","0","results\load\gemma3_1b\0.20rps\run2.jtl"
"gemma3:1b","0.10rps","3","2026-10-08T09:30:22.7671379Z","2026-10-08T09:37:24.7622553Z","30","0","0","True","1","226","255","0","results\load\gemma3_1b\0.10rps\run3.jtl"
"gemma3:1b","0.20rps","3","2026-10-08T09:37:24.7958483Z","2026-10-08T09:44:26.7625823Z","60","0","0","True","1","256","315","0","results\load\gemma3_1b\0.20rps\run3.jtl"
"gemma3:1b","0.10rps","1","2026-10-08T13:33:28.3720033Z","2026-10-08T13:40:35.9934726Z","30","0","0","True","1","16","45","0","results\load\gemma3_1b\0.10rps\run1.jtl"
"gemma3:1b","0.20rps","1","2026-10-08T13:40:36.0536496Z","2026-10-08T13:47:38.0077657Z","60","0","0","True","1","46","105","0","results\load\gemma3_1b\0.20rps\run1.jtl"
"gemma3:4b","0.10rps","1","2026-10-08T13:53:39.9539121Z","2026-10-08T14:01:41.9081881Z","30","0","0","True","2","16","45","0","results\load\gemma3_4b\0.10rps\run1.jtl"
"gemma3:4b","0.20rps","1","2026-10-08T14:01:41.9617063Z","2026-10-08T14:09:43.9046504Z","60","0","0","True","2","46","105","0","results\load\gemma3_4b\0.20rps\run1.jtl"
"gemma3:4b","0.10rps","2","2026-10-08T14:09:43.9601084Z","2026-10-08T14:17:45.9542990Z","30","0","0","True","2","121","150","0","results\load\gemma3_4b\0.10rps\run2.jtl"
"gemma3:4b","0.20rps","2","2026-10-08T14:17:45.9902701Z","2026-10-08T14:25:47.9347570Z","60","0","0","True","2","151","210","0","results\load\gemma3_4b\0.20rps\run2.jtl"
"gemma3:4b","0.10rps","3","2026-10-08T14:25:47.9723768Z","2026-10-08T14:33:49.9979359Z","30","0","0","True","2","226","255","0","results\load\gemma3_4b\0.10rps\run3.jtl"
"gemma3:4b","0.20rps","3","2026-10-08T14:33:50.0415222Z","2026-10-08T14:41:52.0151775Z","60","0","0","True","2","256","315","0","results\load\gemma3_4b\0.20rps\run3.jtl"
"qwen2.5:3b","0.10rps","1","2026-10-08T18:30:39.2576224Z","2026-10-08T18:37:42.7582735Z","30","0","0","True","1","16","45","0","results\load\qwen2.5_3b\0.10rps\run1.jtl"
"qwen2.5:3b","0.20rps","1","2026-10-08T18:37:42.8114950Z","2026-10-08T18:44:44.7705834Z","60","0","0","True","1","46","105","0","results\load\qwen2.5_3b\0.20rps\run1.jtl"
"qwen2.5:3b","0.10rps","2","2026-10-08T18:44:44.8148686Z","2026-10-08T18:51:46.7954606Z","30","0","0","True","1","121","150","0","results\load\qwen2.5_3b\0.10rps\run2.jtl"
"qwen2.5:3b","0.20rps","2","2026-10-08T18:51:46.8301761Z","2026-10-08T18:58:48.8479711Z","60","0","0","True","1","151","210","0","results\load\qwen2.5_3b\0.20rps\run2.jtl"
"qwen2.5:3b","0.10rps","3","2026-10-08T18:58:48.8859500Z","2026-10-08T19:05:50.8958249Z","30","0","0","True","1","226","255","0","results\load\qwen2.5_3b\0.10rps\run3.jtl"
"qwen2.5:3b","0.20rps","3","2026-10-08T19:05:50.9431893Z","2026-10-08T19:12:52.9122101Z","60","0","0","True","1","256","315","0","results\load\qwen2.5_3b\0.20rps\run3.jtl"
"qwen2.5:7b","0.10rps","1","2026-10-08T19:16:42.0996442Z","2026-10-08T19:24:44.0902441Z","30","0","0","True","2","16","45","0","results\load\qwen2.5_7b\0.10rps\run1.jtl"
"qwen2.5:7b","0.20rps","1","2026-10-08T19:24:44.1363631Z","2026-10-08T19:34:46.1061583Z","60","0","0","True","4","46","105","0","results\load\qwen2.5_7b\0.20rps\run1.jtl"
"qwen2.5:7b","0.10rps","2","2026-10-08T19:34:46.1412039Z","2026-10-08T19:42:48.1180993Z","30","0","0","True","2","121","150","0","results\load\qwen2.5_7b\0.10rps\run2.jtl"
"qwen2.5:7b","0.20rps","2","2026-10-08T19:42:48.1534625Z","2026-10-08T19:52:50.1005389Z","60","0","0","True","4","151","210","0","results\load\qwen2.5_7b\0.20rps\run2.jtl"
"qwen2.5:7b","0.10rps","3","2026-10-08T19:52:50.1464871Z","2026-10-08T20:00:52.1506359Z","30","0","0","True","2","226","255","0","results\load\qwen2.5_7b\0.10rps\run3.jtl"
"qwen2.5:7b","0.20rps","3","2026-10-08T20:00:52.1871234Z","2026-10-08T20:10:54.1865267Z","60","0","0","True","4","256","315","0","results\load\qwen2.5_7b\0.20rps\run3.jtl"
"granite3.3:8b","0.10rps","1","2026-10-08T20:13:20.9281092Z","2026-10-08T20:24:22.9740371Z","30","0","0","True","5","16","45","0","results\load\granite3.3_8b\0.10rps\run1.jtl"
"granite3.3:8b","0.20rps","1","2026-10-08T20:24:23.0171996Z","2026-10-08T20:37:24.9721222Z","60","0","0","True","7","46","105","0","results\load\granite3.3_8b\0.20rps\run1.jtl"
"granite3.3:8b","0.10rps","2","2026-10-08T20:37:25.0074175Z","2026-10-08T20:48:26.9920379Z","30","0","0","True","5","121","150","0","results\load\granite3.3_8b\0.10rps\run2.jtl"
"granite3.3:8b","0.20rps","2","2026-10-08T20:48:27.0357018Z","2026-10-08T21:01:29.0095319Z","60","0","0","True","7","151","210","0","results\load\granite3.3_8b\0.20rps\run2.jtl"
"granite3.3:8b","0.10rps","3","2026-10-08T21:01:29.0459501Z","2026-10-08T21:12:31.0294859Z","30","0","0","True","5","226","255","0","results\load\granite3.3_8b\0.10rps\run3.jtl"
"granite3.3:8b","0.20rps","3","2026-10-08T21:12:31.0631924Z","2026-10-08T21:25:33.0652487Z","60","0","0","True","7","256","315","0","results\load\granite3.3_8b\0.20rps\run3.jtl"
"gemma3:1b","stress","1","2026-10-09T03:06:30.7209329Z","2026-10-09T03:26:32.7612640Z","405","0","0","True","4","316","720","0","results\stress\gemma3_1b\stress.jtl"
