row_id,final_label,predicted_label,match,http_status,round_trip_ms,error
8022,Credit reporting,Consumer loan,false,201,1619,
8024,Money transfer or service,Money transfer or service,true,201,1335,
8033,Credit card,Consumer loan,false,201,2658,
8044,Consumer loan,Consumer loan,true,201,1543,
8050,Debt collection,Consumer loan,false,201,3432,
8053,Credit reporting,Debt collection,false,201,1218,
8060,Credit reporting,Credit reporting,true,201,1145,
8062,Credit reporting,Consumer loan,false,201,2523,
8071,Credit reporting,Consumer loan,false,201,3017,
8074,Credit reporting,Consumer loan,false,201,3185,
8094,Money transfer or service,Money transfer or service,true,201,1878,
8095,Bank account or service,Money transfer or service,false,201,2982,
8096,Bank account or service,Consumer loan,false,201,1847,
8097,Credit reporting,Consumer loan,false,201,2386,
8098,Debt collection,Consumer loan,false,201,2599,
8106,Mortgage,Consumer loan,false,201,2103,
8108,Consumer loan,Consumer loan,true,201,3148,
8118,Money transfer or service,Consumer loan,false,201,1486,
8122,Credit reporting,Consumer loan,false,201,3105,
8125,Mortgage,Mortgage,true,201,2728,
8128,Consumer loan,Debt collection,false,201,1469,
8129,Credit reporting,Consumer loan,false,201,1438,
8130,Credit reporting,Consumer loan,false,201,1220,
8136,Credit card,Debt collection,false,201,1295,
8142,Bank account or service,Debt collection,false,201,1353,
8166,Money transfer or service,Money transfer or service,true,201,1902,
8168,Credit reporting,Money transfer or service,false,201,2299,
8174,Mortgage,Mortgage,true,201,2201,
8180,Credit card,Consumer loan,false,201,2848,
8184,Credit reporting,Debt collection,false,201,1395,
8203,Money transfer or service,Consumer loan,false,201,1703,
8206,Mortgage,Consumer loan,false,201,2359,
8207,Money transfer or service,Money transfer or service,true,201,2152,
8213,Mortgage,Bank account or service,false,201,1383,
8215,Credit reporting,Credit reporting,true,201,1246,
8222,Bank account or service,Mortgage,false,201,1220,
8225,Credit reporting,Debt collection,false,201,1164,
8244,Credit reporting,Consumer loan,false,201,2110,
8245,Credit reporting,Money transfer or service,false,201,2182,
8248,Money transfer or service,Money transfer or service,true,201,1637,
8250,Credit reporting,Debt collection,false,201,3254,
8251,Credit reporting,Debt collection,false,201,3215,
8257,Money transfer or service,Consumer loan,false,201,1642,
8263,Debt collection,Consumer loan,false,201,1630,
8264,Bank account or service,Consumer loan,false,201,1707,
8270,Credit card,Credit card,true,201,1090,
8274,Credit reporting,Consumer loan,false,201,2458,
8278,Money transfer or service,Consumer loan,false,201,1610,
8284,Money transfer or service,Debt collection,false,201,1418,
8287,Credit reporting,Debt collection,false,201,1651,
8291,Credit card,Money transfer or service,false,201,2359,
8292,Credit card,Consumer loan,false,201,3499,
8299,Mortgage,Mortgage,true,201,1269,
8301,Credit reporting,Consumer loan,false,201,2506,
8307,Mortgage,Mortgage,true,201,1956,
8309,Consumer loan,Consumer loan,true,201,2068,
8310,Credit card,Money transfer or service,false,201,3961,
8323,Credit card,Debt collection,false,201,921,
8326,Credit reporting,Consumer loan,false,201,1973,
8333,Consumer loan,Debt collection,false,201,1304,
8335,Bank account or service,Money transfer or service,false,201,1897,
8337,Debt collection,Consumer loan,false,201,1813,
8339,Consumer loan,Consumer loan,true,201,1738,
8342,Bank account or service,Consumer loan,false,201,2481,
8345,Money transfer or service,Consumer loan,false,201,1931,
8356,Mortgage,Consumer loan,false,201,2972,
8359,Consumer loan,Mortgage,false,201,2550,
8365,Credit reporting,Consumer loan,false,201,2712,
8366,Credit card,Consumer loan,false,201,1547,
8369,Credit card,Debt collection,false,201,2229,
8372,Bank account or service,Consumer loan,false,201,2106,
8379,Credit card,Consumer loan,false,201,1466,
8382,Debt collection,Debt collection,true,201,2139,
8383,Mortgage,Consumer loan,false,201,3471,
8384,Credit reporting,Mortgage,false,201,1506,
8389,Credit reporting,Money transfer or service,false,201,1651,
8390,Credit card,Debt collection,false,201,1216,
8392,Money transfer or service,Money transfer or service,true,201,3272,
8414,Debt collection,Debt collection,true,201,2426,
8418,Credit reporting,Debt collection,false,201,1882,
8420,Credit reporting,Consumer loan,false,201,3216,
8433,Credit reporting,Consumer loan,false,201,1881,
8437,Debt collection,Money transfer or service,false,201,3503,
8441,Credit reporting,Consumer loan,false,201,1943,
8444,Bank account or service,Money transfer or service,false,201,1989,
8449,Bank account or service,Consumer loan,false,201,2826,
8453,Debt collection,Debt collection,true,201,1386,
8455,Money transfer or service,Debt collection,false,201,1256,
8461,Credit card,Consumer loan,false,201,1448,
8470,Bank account or service,Mortgage,false,201,1961,
8472,Bank account or service,Money transfer or service,false,201,2274,
8473,Debt collection,Debt collection,true,201,1257,
8475,Consumer loan,Consumer loan,true,201,3404,
8485,Debt collection,Debt collection,true,201,1557,
8487,Credit reporting,Consumer loan,false,201,2060,
8491,Credit reporting,Consumer loan,false,201,1367,
8499,Consumer loan,Consumer loan,true,201,3047,
8505,Debt collection,Debt collection,true,201,1570,
8528,Credit reporting,Consumer loan,false,201,1676,
8537,Mortgage,Consumer loan,false,201,1805,
8538,Credit card,Debt collection,false,201,1606,
8539,Bank account or service,Money transfer or service,false,201,3382,
8549,Credit card,Debt collection,false,201,1819,
8554,Mortgage,Debt collection,false,201,1874,
8558,Credit reporting,Credit reporting,true,201,2356,
8563,Consumer loan,Mortgage,false,201,2482,
8571,Bank account or service,Money transfer or service,false,201,2485,
8573,Bank account or service,Consumer loan,false,201,1365,
8574,Debt collection,Consumer loan,false,201,1428,
8578,Money transfer or service,Consumer loan,false,201,2361,
8585,Credit card,Consumer loan,false,201,2132,
8586,Credit reporting,Credit reporting,true,201,1204,
8591,Credit reporting,Debt collection,false,201,2877,
8593,Credit reporting,Consumer loan,false,201,1762,
8597,Bank account or service,Money transfer or service,false,201,3626,
8601,Mortgage,Mortgage,true,201,2480,
8603,Bank account or service,Money transfer or service,false,201,2663,
8608,Mortgage,Mortgage,true,201,1334,
8609,Debt collection,Debt collection,true,201,1545,
8612,Credit reporting,Credit reporting,true,201,1494,
8613,Debt collection,Consumer loan,false,201,1509,
8615,Money transfer or service,Debt collection,false,201,1460,
8632,Credit reporting,Consumer loan,false,201,1494,
8638,Consumer loan,Consumer loan,true,201,2081,
8644,Consumer loan,Debt collection,false,201,1661,
8649,Money transfer or service,Consumer loan,false,201,2021,
8661,Credit reporting,Consumer loan,false,201,2518,
8663,Credit reporting,Consumer loan,false,201,2708,
8669,Credit reporting,Consumer loan,false,201,1529,
8671,Credit reporting,Credit reporting,true,201,2184,
8679,Mortgage,Money transfer or service,false,201,3114,
8680,Bank account or service,Bank account or service,true,201,1445,
8683,Mortgage,Mortgage,true,201,1349,
8688,Money transfer or service,Consumer loan,false,201,1646,
8722,Credit card,Debt collection,false,201,1646,
8728,Debt collection,Debt collection,true,201,2226,
8732,Credit reporting,Consumer loan,false,201,1271,
8733,Consumer loan,Consumer loan,true,201,1258,
8734,Credit card,Consumer loan,false,201,1609,
8735,Mortgage,Consumer loan,false,201,2082,
8745,Consumer loan,Debt collection,false,201,1481,
8748,Mortgage,Consumer loan,false,201,1877,
8750,Credit reporting,Consumer loan,false,201,2363,
8752,Consumer loan,Consumer loan,true,201,2457,
8755,Mortgage,Debt collection,false,201,1311,
8771,Money transfer or service,Consumer loan,false,201,3017,
8773,Credit reporting,Consumer loan,false,201,2098,
8774,Mortgage,Consumer loan,false,201,3193,
8776,Money transfer or service,Debt collection,false,201,2320,
8789,Credit reporting,Consumer loan,false,201,2196,
8801,Bank account or service,Consumer loan,false,201,1910,
8815,Credit reporting,Consumer loan,false,201,3767,
8821,Money transfer or service,Consumer loan,false,201,1866,
8827,Bank account or service,Consumer loan,false,201,2123,
8831,Mortgage,Mortgage,true,201,1428,
8850,Debt collection,Consumer loan,false,201,3194,
8856,Money transfer or service,Consumer loan,false,201,1676,
8872,Mortgage,Consumer loan,false,201,1801,
8877,Credit reporting,Consumer loan,false,201,1559,
8878,Money transfer or service,Debt collection,false,201,1331,
8905,Credit reporting,Consumer loan,false,201,1379,
8908,Mortgage,Debt collection,false,201,1708,
8910,Consumer loan,Debt collection,false,201,2273,
8913,Credit reporting,Debt collection,false,201,1207,
8921,Credit card,Consumer loan,false,201,3045,
8954,Bank account or service,Consumer loan,false,201,2905,
8959,Consumer loan,Debt collection,false,201,1382,
8968,Bank account or service,Consumer loan,false,201,1697,
8974,Mortgage,Mortgage,true,201,1252,
8976,Credit reporting,Consumer loan,false,201,2329,
8982,Bank account or service,Consumer loan,false,201,3515,
8983,Mortgage,Consumer loan,false,201,1939,
8988,Credit reporting,Consumer loan,false,201,2241,
8989,Credit card,Consumer loan,false,201,1373,
8990,Credit reporting,Mortgage,false,201,2333,
8991,Mortgage,Mortgage,true,201,2248,
8993,Mortgage,Consumer loan,false,201,1529,
8995,Consumer loan,Consumer loan,true,201,2521,
8997,Money transfer or service,Consumer loan,false,201,1909,
8999,Consumer loan,Consumer loan,true,201,2765,
